-- 宿舍管理系统测试数据
-- 创建时间: 2025

SET NAMES utf8mb4;
SET FOREIGN_KEY_CHECKS = 0;

-- ----------------------------
-- 用户数据
-- ----------------------------
-- 注意：密码使用明文存储
-- admin密码: 123456
-- teacher密码: 123456
INSERT INTO `sys_user` (`username`, `password`, `real_name`, `email`, `phone`, `role`, `status`) VALUES
('admin', '123456', '系统管理员', 'admin@dormitory.com', '13800138000', 'ADMIN', 1),
('teacher', '123456', '教师用户', 'teacher@dormitory.com', '13800138001', 'TEACHER', 1);

-- ----------------------------
-- 宿舍楼数据
-- ----------------------------
INSERT INTO `dorm_building` (`building_code`, `building_name`, `building_type`, `floors`, `rooms_per_floor`, `manager_name`, `manager_phone`, `description`) VALUES
('A01', '梧桐苑A栋', '男生宿舍', 6, 20, '张管理', '13800001111', '男生宿舍楼，设施齐全，环境优美'),
('A02', '梧桐苑B栋', '女生宿舍', 6, 20, '李管理', '13800002222', '女生宿舍楼，安全舒适，管理严格'),
('B01', '银杏园A栋', '研究生宿舍', 8, 25, '王管理', '13800003333', '研究生宿舍楼，房间宽敞，设施先进'),
('B02', '银杏园B栋', '本科生宿舍', 8, 25, '赵管理', '13800004444', '本科生宿舍楼，交通便利，生活便民'),
('C01', '桂花苑A栋', '留学生宿舍', 5, 18, '陈管理', '13800005555', '留学生宿舍楼，国际化环境，文化交流');

-- ----------------------------
-- 宿舍房间数据
-- ----------------------------
INSERT INTO `dorm_room` (`room_number`, `building_id`, `floor`, `room_type`, `capacity`, `current_count`, `gender`, `status`, `facilities`, `rent`, `description`) VALUES
-- A01楼房间 (男生)
('101', 1, 1, 'QUAD', 4, 4, 'MALE', 'FULL', '空调,热水器,独立卫浴,书桌,衣柜', 800.00, '四人间，朝南，采光良好'),
('102', 1, 1, 'QUAD', 4, 3, 'MALE', 'AVAILABLE', '空调,热水器,独立卫浴,书桌,衣柜', 800.00, '四人间，朝南，采光良好'),
('103', 1, 1, 'QUAD', 4, 2, 'MALE', 'AVAILABLE', '空调,热水器,独立卫浴,书桌,衣柜', 800.00, '四人间，朝东，安静舒适'),
('104', 1, 1, 'QUAD', 4, 1, 'MALE', 'AVAILABLE', '空调,热水器,独立卫浴,书桌,衣柜', 800.00, '四人间，朝西，通风良好'),
('201', 1, 2, 'QUAD', 4, 2, 'MALE', 'AVAILABLE', '空调,热水器,独立卫浴,书桌,衣柜', 800.00, '四人间，朝南，视野开阔'),
('202', 1, 2, 'QUAD', 4, 0, 'MALE', 'MAINTENANCE', '空调,热水器,独立卫浴,书桌,衣柜', 800.00, '四人间，维修中'),
('203', 1, 2, 'QUAD', 4, 3, 'MALE', 'AVAILABLE', '空调,热水器,独立卫浴,书桌,衣柜', 800.00, '四人间，朝北，安静学习'),
('301', 1, 3, 'DOUBLE', 2, 2, 'MALE', 'FULL', '空调,热水器,独立卫浴,书桌,衣柜,阳台', 1200.00, '双人间，带阳台，高层视野'),
('302', 1, 3, 'DOUBLE', 2, 1, 'MALE', 'AVAILABLE', '空调,热水器,独立卫浴,书桌,衣柜,阳台', 1200.00, '双人间，带阳台，环境优雅'),
-- A02楼房间 (女生)
('101', 2, 1, 'QUAD', 4, 4, 'FEMALE', 'FULL', '空调,热水器,独立卫浴,书桌,衣柜,化妆台', 800.00, '女生四人间，设施完善'),
('102', 2, 1, 'QUAD', 4, 3, 'FEMALE', 'AVAILABLE', '空调,热水器,独立卫浴,书桌,衣柜,化妆台', 800.00, '女生四人间，环境优雅'),
('103', 2, 1, 'QUAD', 4, 2, 'FEMALE', 'AVAILABLE', '空调,热水器,独立卫浴,书桌,衣柜,化妆台', 800.00, '女生四人间，安全舒适'),
('104', 2, 1, 'QUAD', 4, 1, 'FEMALE', 'AVAILABLE', '空调,热水器,独立卫浴,书桌,衣柜,化妆台', 800.00, '女生四人间，温馨舒适'),
('201', 2, 2, 'DOUBLE', 2, 2, 'FEMALE', 'FULL', '空调,热水器,独立卫浴,书桌,衣柜,化妆台,阳台', 1200.00, '女生双人间，朝南明亮'),
('202', 2, 2, 'DOUBLE', 2, 1, 'FEMALE', 'AVAILABLE', '空调,热水器,独立卫浴,书桌,衣柜,化妆台,阳台', 1200.00, '女生双人间，带阳台'),
('203', 2, 2, 'DOUBLE', 2, 0, 'FEMALE', 'AVAILABLE', '空调,热水器,独立卫浴,书桌,衣柜,化妆台,阳台', 1200.00, '女生双人间，环境清雅'),
-- B01楼房间 (研究生)
('101', 3, 1, 'DOUBLE', 2, 2, 'MALE', 'FULL', '空调,热水器,独立卫浴,书桌,衣柜,小冰箱,微波炉', 1500.00, '研究生双人间，空间宽敞'),
('102', 3, 1, 'DOUBLE', 2, 1, 'MALE', 'AVAILABLE', '空调,热水器,独立卫浴,书桌,衣柜,小冰箱,微波炉', 1500.00, '研究生双人间，设施先进'),
('201', 3, 2, 'SINGLE', 1, 1, 'FEMALE', 'FULL', '空调,热水器,独立卫浴,书桌,衣柜,小冰箱,微波炉,沙发', 2000.00, '研究生单人间，私密性好'),
('202', 3, 2, 'SINGLE', 1, 0, 'FEMALE', 'AVAILABLE', '空调,热水器,独立卫浴,书桌,衣柜,小冰箱,微波炉,沙发', 2000.00, '研究生单人间，学习环境佳'),
-- B02楼房间 (本科生)
('101', 4, 1, 'QUAD', 4, 3, 'MALE', 'AVAILABLE', '空调,热水器,独立卫浴,书桌,衣柜', 750.00, '本科生四人间，经济实惠'),
('102', 4, 1, 'QUAD', 4, 2, 'MALE', 'AVAILABLE', '空调,热水器,独立卫浴,书桌,衣柜', 750.00, '本科生四人间，交通便利'),
('201', 4, 2, 'QUAD', 4, 4, 'FEMALE', 'FULL', '空调,热水器,独立卫浴,书桌,衣柜,化妆台', 750.00, '本科生女生四人间'),
('202', 4, 2, 'QUAD', 4, 1, 'FEMALE', 'AVAILABLE', '空调,热水器,独立卫浴,书桌,衣柜,化妆台', 750.00, '本科生女生四人间'),
-- C01楼房间 (留学生)
('101', 5, 1, 'DOUBLE', 2, 1, 'MALE', 'AVAILABLE', '空调,热水器,独立卫浴,书桌,衣柜,小冰箱', 1300.00, '留学生双人间，国际化环境'),
('102', 5, 1, 'DOUBLE', 2, 2, 'FEMALE', 'FULL', '空调,热水器,独立卫浴,书桌,衣柜,小冰箱,化妆台', 1300.00, '留学生双人间，文化交流');

-- ----------------------------
-- ----------------------------
-- 学生表数据（从住宿记录表中提取）
-- ----------------------------
INSERT INTO `student` (`student_id`, `student_name`, `student_number`, `class_name`, `id_card`, `phone`, `email`, `enrollment_date`, `graduation_date`) VALUES
(1, '张三', '2021001', '计算机科学与技术1班', '110101200101010001', '13800138001', 'zhangsan@student.edu.cn', '2021-09-01', NULL),
(2, '李四', '2021002', '计算机科学与技术1班', '110101200101010002', '13900139002', 'lisi@student.edu.cn', '2021-09-01', NULL),
(3, '王五', '2021003', '计算机科学与技术2班', '110101200101010003', '15000150003', 'wangwu@student.edu.cn', '2021-09-01', NULL),
(4, '赵六', '2021004', '软件工程1班', '110101200101010004', '18000180004', 'zhaoliu@student.edu.cn', '2021-09-01', NULL),
(5, '陈七', '2021005', '软件工程1班', '110101200101010005', '13100131005', 'chenqi@student.edu.cn', '2021-09-01', NULL),
(6, '刘八', '2021006', '软件工程2班', '110101200101010006', '15200152006', 'liuba@student.edu.cn', '2021-09-01', NULL),
(7, '孙九', '2021007', '网络工程1班', '110101200101010007', '18300183007', 'sunjiu@student.edu.cn', '2021-09-01', NULL),
(8, '周十', '2021008', '网络工程1班', '110101200101010008', '13400134008', 'zhoushi@student.edu.cn', '2021-09-01', NULL),
(9, '吴十一', '2021009', '网络工程2班', '110101200101010009', '15500155009', 'wushiyi@student.edu.cn', '2021-09-01', NULL),
(10, '郑十二', '2021010', '信息安全1班', '110101200101010010', '18600186010', 'zhengshier@student.edu.cn', '2021-09-01', NULL),
(11, '钱十三', '2021011', '信息安全1班', '110101200101010011', '13700137011', 'qianshisan@student.edu.cn', '2021-09-01', NULL),
(12, '孔十四', '2021012', '信息安全2班', '110101200101010012', '15800158012', 'kongshisi@student.edu.cn', '2021-09-01', NULL),
(13, '曹十五', '2021013', '数据科学与大数据技术1班', '110101200101010013', '18900189013', 'caoshiwu@student.edu.cn', '2021-09-01', NULL),
(14, '严十六', '2021014', '数据科学与大数据技术1班', '110101200101010014', '13000130014', 'yanshiliu@student.edu.cn', '2021-09-01', NULL),
(15, '华十七', '2021015', '数据科学与大数据技术2班', '110101200101010015', '15100151015', 'huashiqi@student.edu.cn', '2021-09-01', NULL),
(16, '金十八', '2021016', '人工智能1班', '110101200101010016', '18200182016', 'jinshiba@student.edu.cn', '2021-09-01', NULL),
(17, '魏十九', '2021017', '人工智能1班', '110101200101010017', '13300133017', 'weishijiu@student.edu.cn', '2021-09-01', NULL),
(18, '陶二十', '2021018', '人工智能2班', '110101200101010018', '15400154018', 'taoershi@student.edu.cn', '2021-09-01', NULL),
(19, '朱二一', '2021019', '电子信息工程1班', '110101200101010019', '18500185019', 'zhueryii@student.edu.cn', '2021-09-01', NULL),
(20, '姜二二', '2021020', '电子信息工程1班', '110101200101010020', '13600136020', 'jiangerr@student.edu.cn', '2021-09-01', NULL),
(21, '戚二三', '2021021', '电子信息工程2班', '110101200101010021', '15700157021', 'qiersan@student.edu.cn', '2021-09-01', NULL),
(22, '谢二四', '2021022', '通信工程1班', '110101200101010022', '18800188022', 'xieersi@student.edu.cn', '2021-09-01', NULL),
(23, '邹二五', '2021023', '通信工程1班', '110101200101010023', '13900139023', 'zouerwu@student.edu.cn', '2021-09-01', NULL),
(24, '喻二六', '2021024', '通信工程2班', '110101200101010024', '15000150024', 'yuerliu@student.edu.cn', '2021-09-01', NULL),
(25, '柏二七', '2021025', '自动化1班', '110101200101010025', '18100181025', 'baierqi@student.edu.cn', '2021-09-01', NULL),
(26, '水二八', '2021026', '自动化1班', '110101200101010026', '13200132026', 'shuierba@student.edu.cn', '2021-09-01', NULL),
(27, '窦二九', '2021027', '自动化2班', '110101200101010027', '15300153027', 'douerjiu@student.edu.cn', '2021-09-01', NULL),
(28, '章三十', '2021028', '机械工程1班', '110101200101010028', '18400184028', 'zhangsanshi@student.edu.cn', '2021-09-01', NULL),
(29, '云三一', '2021029', '机械工程1班', '110101200101010029', '13500135029', 'yunsanyi@student.edu.cn', '2021-09-01', NULL),
(30, '苏三二', '2021030', '机械工程2班', '110101200101010030', '15600156030', 'susaner@student.edu.cn', '2021-09-01', NULL),
(31, '潘三三', '2021031', '土木工程1班', '110101200101010031', '18700187031', 'pansansan@student.edu.cn', '2021-09-01', NULL),
(32, '魏三四', '2021032', '环境工程1班', '110101200101010032', '13211009032', 'weisansi@student.edu.cn', '2021-09-01', NULL),
(33, '陶三五', '2021033', '环境工程1班', '110101200101010033', '15100998033', 'taosanwu@student.edu.cn', '2021-09-01', NULL),
(34, '姜三六', '2021034', '化学工程与工艺1班', '110101200101010034', '18099887034', 'jiangsanliu@student.edu.cn', '2021-09-01', NULL),
(35, '戚三七', '2021035', '化学工程与工艺2班', '110101200101010035', '13988776035', 'qisanqi@student.edu.cn', '2021-09-01', NULL),
(36, '谢三八', '2021036', '材料科学与工程1班', '110101200101010036', '15877665036', 'xiesanba@student.edu.cn', '2021-09-01', NULL),
(37, '邹三九', '2021037', '材料科学与工程1班', '110101200101010037', '18766554037', 'zousanjiu@student.edu.cn', '2021-09-01', NULL),
(38, '喻四十', '2021038', '材料科学与工程2班', '110101200101010038', '13655443038', 'yusishi@student.edu.cn', '2021-09-01', NULL),
(39, '柏四一', '2021039', '生物工程1班', '110101200101010039', '15544332039', 'baisiyi@student.edu.cn', '2021-09-01', NULL),
(40, '水四二', '2021040', '生物工程1班', '110101200101010040', '18433221040', 'shuisier@student.edu.cn', '2021-09-01', NULL),
(41, '窦四三', '2021041', '食品科学与工程1班', '110101200101010041', '13322110041', 'dousishan@student.edu.cn', '2021-09-01', NULL),
(42, '章四四', '2021042', '食品科学与工程1班', '110101200101010042', '15211009042', 'zhangsisi@student.edu.cn', '2021-09-01', NULL),
(43, '云四五', '2021043', '食品科学与工程2班', '110101200101010043', '18100998043', 'yunsiwu@student.edu.cn', '2021-09-01', NULL),
(44, '苏四六', '2021044', '食品科学与工程2班', '110101200101010044', '13099887044', 'susiliu@student.edu.cn', '2021-09-01', NULL),
(45, '潘四七', '2021045', '药学1班', '110101200101010045', '15988776045', 'pansiqi@student.edu.cn', '2021-09-01', NULL),
(46, '葛四八', '2021046', '护理学1班', '110101200101010046', '18877665046', 'gesiba@student.edu.cn', '2021-09-01', NULL),
(47, '奚四九', '2021047', '临床医学1班', '110101200101010047', '13766554047', 'xisijiu@student.edu.cn', '2021-09-01', NULL),
(48, '范五十', '2021048', '临床医学1班', '110101200101010048', '15655443048', 'fanwushi@student.edu.cn', '2021-09-01', NULL);
-- ----------------------------

-- ----------------------------
-- 住宿记录数据
-- ----------------------------
INSERT INTO `dorm_accommodation` (`student_id`, `student_name`, `student_number`, `class_name`, `id_card`, `phone`, `email`, `room_id`, `room_number`, `building_id`, `building_name`, `check_in_date`, `status`, `bed_number`, `remarks`) VALUES
(1, '张三', '2021001', '计算机科学与技术1班', '110101200101010001', '13812345001', 'zhangsan@student.edu.cn', 1, '101', 1, '梧桐苑A栋', '2024-09-01', 'ACTIVE', 'A', '正常入住'),
(2, '李四', '2021002', '计算机科学与技术1班', '110101200101010002', '13987654002', 'lisi@student.edu.cn', 1, '101', 1, '梧桐苑A栋', '2024-09-01', 'ACTIVE', 'B', '正常入住'),
(3, '王五', '2021003', '计算机科学与技术2班', '110101200101010003', '15612345003', 'wangwu@student.edu.cn', 1, '101', 1, '梧桐苑A栋', '2024-09-01', 'ACTIVE', 'C', '正常入住'),
(4, '赵六', '2021004', '计算机科学与技术2班', '110101200101010004', '18712345004', 'zhaoliu@student.edu.cn', 1, '101', 1, '梧桐苑A栋', '2024-09-01', 'ACTIVE', 'D', '正常入住'),
(5, '陈七', '2021005', '软件工程1班', '110101200101010005', '13611223005', 'chenqi@student.edu.cn', 2, '102', 1, '梧桐苑A栋', '2024-09-01', 'ACTIVE', 'A', '正常入住'),
(6, '刘八', '2021006', '软件工程1班', '110101200101010006', '15988776006', 'liuba@student.edu.cn', 2, '102', 1, '梧桐苑A栋', '2024-09-01', 'ACTIVE', 'B', '正常入住'),
(7, '孙九', '2021007', '软件工程2班', '110101200101010007', '18866554007', 'sunjiu@student.edu.cn', 2, '102', 1, '梧桐苑A栋', '2024-09-01', 'ACTIVE', 'C', '正常入住'),
(8, '周十', '2021008', '网络工程1班', '110101200101010008', '13755443008', 'zhoushi@student.edu.cn', 3, '103', 1, '梧桐苑A栋', '2024-09-01', 'ACTIVE', 'A', '正常入住'),
(9, '吴十一', '2021009', '网络工程1班', '110101200101010009', '15644332009', 'wushiyi@student.edu.cn', 3, '103', 1, '梧桐苑A栋', '2024-09-01', 'ACTIVE', 'B', '正常入住'),
(10, '郑十二', '2021010', '信息安全1班', '110101200101010010', '18533221010', 'zhengshier@student.edu.cn', 4, '104', 1, '梧桐苑A栋', '2024-09-01', 'ACTIVE', 'A', '正常入住'),
(11, '钱十三', '2021011', '数据科学与大数据技术1班', '110101200101010011', '13422110011', 'qianshisan@student.edu.cn', 5, '201', 1, '梧桐苑A栋', '2024-09-01', 'ACTIVE', 'A', '正常入住'),
(12, '冯十四', '2021012', '数据科学与大数据技术1班', '110101200101010012', '15311009012', 'fengshisi@student.edu.cn', 5, '201', 1, '梧桐苑A栋', '2024-09-01', 'ACTIVE', 'B', '正常入住'),
(13, '褚十五', '2021013', '人工智能1班', '110101200101010013', '18200998013', 'chushiwu@student.edu.cn', 7, '203', 1, '梧桐苑A栋', '2024-09-01', 'ACTIVE', 'A', '正常入住'),
(14, '卫十六', '2021014', '人工智能1班', '110101200101010014', '13099887014', 'weishiliu@student.edu.cn', 7, '203', 1, '梧桐苑A栋', '2024-09-01', 'ACTIVE', 'B', '正常入住'),
(15, '蒋十七', '2021015', '人工智能1班', '110101200101010015', '15988776015', 'jiangshiqi@student.edu.cn', 7, '203', 1, '梧桐苑A栋', '2024-09-01', 'ACTIVE', 'C', '正常入住'),
(16, '沈十八', '2021016', '物联网工程1班', '110101200101010016', '18877665016', 'shenshiba@student.edu.cn', 8, '301', 1, '梧桐苑A栋', '2024-09-01', 'ACTIVE', 'A', '正常入住'),
(17, '韩十九', '2021017', '物联网工程1班', '110101200101010017', '13766554017', 'hanshijiu@student.edu.cn', 8, '301', 1, '梧桐苑A栋', '2024-09-01', 'ACTIVE', 'B', '正常入住'),
(18, '杨二十', '2021018', '电子信息工程1班', '110101200101010018', '15655443018', 'yangershi@student.edu.cn', 9, '302', 1, '梧桐苑A栋', '2024-09-01', 'ACTIVE', 'A', '正常入住'),
(19, '朱二一', '2021019', '通信工程1班', '110101200101010019', '18544332019', 'zhuerei@student.edu.cn', 10, '101', 2, '梧桐苑B栋', '2024-09-01', 'ACTIVE', 'A', '正常入住'),
(20, '秦二二', '2021020', '通信工程1班', '110101200101010020', '13433221020', 'qinerer@student.edu.cn', 10, '101', 2, '梧桐苑B栋', '2024-09-01', 'ACTIVE', 'B', '正常入住'),
(21, '尤二三', '2021021', '通信工程2班', '110101200101010021', '15322110021', 'youersan@student.edu.cn', 10, '101', 2, '梧桐苑B栋', '2024-09-01', 'ACTIVE', 'C', '正常入住'),
(22, '许二四', '2021022', '通信工程2班', '110101200101010022', '18211009022', 'xuersii@student.edu.cn', 10, '101', 2, '梧桐苑B栋', '2024-09-01', 'ACTIVE', 'D', '正常入住'),
(23, '何二五', '2021023', '自动化1班', '110101200101010023', '13100998023', 'heerw@student.edu.cn', 11, '102', 2, '梧桐苑B栋', '2024-09-01', 'ACTIVE', 'A', '正常入住'),
(24, '吕二六', '2021024', '自动化1班', '110101200101010024', '15099887024', 'lverliu@student.edu.cn', 11, '102', 2, '梧桐苑B栋', '2024-09-01', 'ACTIVE', 'B', '正常入住'),
(25, '施二七', '2021025', '自动化2班', '110101200101010025', '18988776025', 'shierqi@student.edu.cn', 11, '102', 2, '梧桐苑B栋', '2024-09-01', 'ACTIVE', 'C', '正常入住'),
(26, '张二八', '2021026', '机械工程1班', '110101200101010026', '13877665026', 'zhangerba@student.edu.cn', 12, '103', 2, '梧桐苑B栋', '2024-09-01', 'ACTIVE', 'A', '正常入住'),
(27, '孔二九', '2021027', '机械工程1班', '110101200101010027', '15766554027', 'kongerjiu@student.edu.cn', 12, '103', 2, '梧桐苑B栋', '2024-09-01', 'ACTIVE', 'B', '正常入住'),
(28, '曹三十', '2021028', '机械工程2班', '110101200101010028', '18655443028', 'caosanshi@student.edu.cn', 13, '104', 2, '梧桐苑B栋', '2024-09-01', 'ACTIVE', 'A', '正常入住'),
(29, '严三一', '2021029', '土木工程1班', '110101200101010029', '13544332029', 'yansanyi@student.edu.cn', 14, '201', 2, '梧桐苑B栋', '2024-09-01', 'ACTIVE', 'A', '正常入住'),
(30, '华三二', '2021030', '土木工程1班', '110101200101010030', '15433221030', 'huasaner@student.edu.cn', 14, '201', 2, '梧桐苑B栋', '2024-09-01', 'ACTIVE', 'B', '正常入住'),
(31, '金三三', '2021031', '建筑学1班', '110101200101010031', '18322110031', 'jinsansan@student.edu.cn', 15, '202', 2, '梧桐苑B栋', '2024-09-01', 'ACTIVE', 'A', '正常入住'),
(32, '魏三四', '2021032', '环境工程1班', '110101200101010032', '13211009032', 'weisansi@student.edu.cn', 17, '101', 3, '银杏园A栋', '2024-09-01', 'ACTIVE', 'A', '正常入住'),
(33, '陶三五', '2021033', '环境工程1班', '110101200101010033', '15100998033', 'taosanwu@student.edu.cn', 17, '101', 3, '银杏园A栋', '2024-09-01', 'ACTIVE', 'B', '正常入住'),
(34, '姜三六', '2021034', '化学工程与工艺1班', '110101200101010034', '18099887034', 'jiangsanliu@student.edu.cn', 18, '102', 3, '银杏园A栋', '2024-09-01', 'ACTIVE', 'A', '正常入住'),
(35, '戚三七', '2021035', '化学工程与工艺2班', '110101200101010035', '13988776035', 'qisanqi@student.edu.cn', 19, '201', 3, '银杏园A栋', '2024-09-01', 'ACTIVE', 'A', '正常入住'),
(36, '谢三八', '2021036', '材料科学与工程1班', '110101200101010036', '15877665036', 'xiesanba@student.edu.cn', 21, '101', 4, '银杏园B栋', '2024-09-01', 'ACTIVE', 'A', '正常入住'),
(37, '邹三九', '2021037', '材料科学与工程1班', '110101200101010037', '18766554037', 'zousanjiu@student.edu.cn', 21, '101', 4, '银杏园B栋', '2024-09-01', 'ACTIVE', 'B', '正常入住'),
(38, '喻四十', '2021038', '材料科学与工程2班', '110101200101010038', '13655443038', 'yusishi@student.edu.cn', 21, '101', 4, '银杏园B栋', '2024-09-01', 'ACTIVE', 'C', '正常入住'),
(39, '柏四一', '2021039', '生物工程1班', '110101200101010039', '15544332039', 'baisiyi@student.edu.cn', 22, '102', 4, '银杏园B栋', '2024-09-01', 'ACTIVE', 'A', '正常入住'),
(40, '水四二', '2021040', '生物工程1班', '110101200101010040', '18433221040', 'shuisier@student.edu.cn', 22, '102', 4, '银杏园B栋', '2024-09-01', 'ACTIVE', 'B', '正常入住'),
(41, '窦四三', '2021041', '食品科学与工程1班', '110101200101010041', '13322110041', 'dousishan@student.edu.cn', 23, '201', 4, '银杏园B栋', '2024-09-01', 'ACTIVE', 'A', '正常入住'),
(42, '章四四', '2021042', '食品科学与工程1班', '110101200101010042', '15211009042', 'zhangsisi@student.edu.cn', 23, '201', 4, '银杏园B栋', '2024-09-01', 'ACTIVE', 'B', '正常入住'),
(43, '云四五', '2021043', '食品科学与工程2班', '110101200101010043', '18100998043', 'yunsiwu@student.edu.cn', 23, '201', 4, '银杏园B栋', '2024-09-01', 'ACTIVE', 'C', '正常入住'),
(44, '苏四六', '2021044', '食品科学与工程2班', '110101200101010044', '13099887044', 'susiliu@student.edu.cn', 23, '201', 4, '银杏园B栋', '2024-09-01', 'ACTIVE', 'D', '正常入住'),
(45, '潘四七', '2021045', '药学1班', '110101200101010045', '15988776045', 'pansiqi@student.edu.cn', 24, '202', 4, '银杏园B栋', '2024-09-01', 'ACTIVE', 'A', '正常入住'),
(46, '葛四八', '2021046', '护理学1班', '110101200101010046', '18877665046', 'gesiba@student.edu.cn', 25, '101', 5, '桂花苑A栋', '2024-09-01', 'ACTIVE', 'A', '正常入住'),
(47, '奚四九', '2021047', '临床医学1班', '110101200101010047', '13766554047', 'xisijiu@student.edu.cn', 26, '102', 5, '桂花苑A栋', '2024-09-01', 'ACTIVE', 'A', '正常入住'),
(48, '范五十', '2021048', '临床医学1班', '110101200101010048', '15655443048', 'fanwushi@student.edu.cn', 26, '102', 5, '桂花苑A栋', '2024-09-01', 'ACTIVE', 'B', '正常入住');

-- ----------------------------
-- 维修申请数据
-- ----------------------------
INSERT INTO `dorm_maintenance` (`request_number`, `applicant_id`, `applicant_name`, `room_id`, `room_number`, `building_id`, `building_name`, `maintenance_type`, `description`, `urgency_level`, `status`, `assigned_to`, `estimated_cost`, `actual_cost`, `scheduled_time`, `completed_time`, `feedback`, `rating`) VALUES
('MR202410001', 2, '李四', 1, '101', 1, '梧桐苑A栋', 'ELECTRICAL', '插座不通电，无法正常使用电器', 'HIGH', 'COMPLETED', '张师傅', 50.00, 45.00, '2024-10-15 09:00:00', '2024-10-15 11:30:00', '维修及时，师傅专业', 5),
('MR202410002', 3, '王五', 2, '102', 1, '梧桐苑A栋', 'PLUMBING', '马桶堵塞，影响正常使用', 'HIGH', 'COMPLETED', '李师傅', 80.00, 80.00, '2024-10-18 16:00:00', '2024-10-18 17:00:00', '问题解决彻底', 5),
('MR202410003', 7, '孙九', 2, '102', 1, '梧桐苑A栋', 'ELECTRICAL', '灯管闪烁，影响学习', 'NORMAL', 'COMPLETED', '王师傅', 25.00, 25.00, '2024-10-20 09:00:00', '2024-10-20 10:30:00', '服务态度好', 4),
('MR202410004', 9, '吴十一', 3, '103', 1, '梧桐苑A栋', 'APPLIANCE', '热水器不工作，无法洗澡', 'HIGH', 'IN_PROGRESS', '赵师傅', 200.00, NULL, '2024-10-25 14:00:00', NULL, NULL, NULL),
('MR202410005', 4, '赵六', 1, '101', 1, '梧桐苑A栋', 'FURNITURE', '衣柜门脱落，无法正常使用', 'NORMAL', 'PENDING', NULL, 60.00, NULL, NULL, NULL, NULL, NULL),
('MR202410006', 5, '陈七', 2, '102', 1, '梧桐苑A栋', 'OTHER', '窗户关不严，影响保温', 'LOW', 'PENDING', NULL, 40.00, NULL, NULL, NULL, NULL, NULL),
('MR202410007', 19, '朱二一', 10, '101', 2, '梧桐苑B栋', 'PLUMBING', '水龙头漏水', 'NORMAL', 'COMPLETED', '李师傅', 30.00, 30.00, '2024-10-22 10:00:00', '2024-10-22 11:00:00', '维修快速', 4),
('MR202410008', 32, '魏三四', 17, '101', 3, '银杏园A栋', 'ELECTRICAL', '空调不制冷', 'HIGH', 'IN_PROGRESS', '张师傅', 150.00, NULL, '2024-10-26 14:00:00', NULL, NULL, NULL),
('MR202410009', 36, '谢三八', 21, '101', 4, '银杏园B栋', 'FURNITURE', '书桌抽屉损坏', 'LOW', 'PENDING', NULL, 35.00, NULL, NULL, NULL, NULL, NULL),
('MR202410010', 46, '葛四八', 25, '101', 5, '桂花苑A栋', 'OTHER', '门锁故障', 'NORMAL', 'PENDING', NULL, 80.00, NULL, NULL, NULL, NULL, NULL);

-- ----------------------------
-- 访客记录数据
-- ----------------------------
INSERT INTO `dorm_visitor` (`visitor_name`, `phone`, `id_card`, `visited_student_id`, `visited_student_name`, `room_id`, `room_number`, `building_id`, `building_name`, `visit_purpose`, `visit_time`, `expected_leave_time`, `actual_leave_time`, `status`, `guard_name`, `remarks`) VALUES
('张明', '13812345678', '320101199001011234', 2, '李四', 1, '101', 1, '梧桐苑A栋', '探望朋友', '2024-10-25 14:30:00', '2024-10-25 18:00:00', '2024-10-25 18:00:00', 'LEFT', '王保安', '正常访问'),
('李华', '13987654321', '110101199002022345', 4, '赵六', 1, '101', 1, '梧桐苑A栋', '学习讨论', '2024-10-26 09:00:00', '2024-10-26 17:00:00', NULL, 'VISITING', '张保安', '正在访问中'),
('王芳', '15612345678', '330101199003033456', 8, '周十', 3, '103', 1, '梧桐苑A栋', '家长探望', '2024-10-27 10:00:00', '2024-10-27 16:00:00', '2024-10-27 16:30:00', 'LEFT', '李保安', '家长来访'),
('赵强', '18712345678', '440101199004044567', 11, '钱十三', 5, '201', 1, '梧桐苑A栋', '同学聚会', '2024-10-28 19:00:00', '2024-10-28 22:00:00', NULL, 'VISITING', '王保安', '聚会活动'),
('陈丽', '13611223344', '510101199005055678', 6, '刘八', 2, '102', 1, '梧桐苑A栋', '项目合作', '2024-10-20 13:15:00', '2024-10-20 17:00:00', '2024-10-20 17:45:00', 'LEFT', '张保安', '学术交流'),
('刘军', '15988776655', '370101199006066789', 9, '吴十一', 3, '103', 1, '梧桐苑A栋', '家长探望', '2024-10-21 11:00:00', '2024-10-21 15:00:00', '2024-10-21 15:30:00', 'LEFT', '李保安', '父母来访'),
('孙梅', '18866554433', '420101199007077890', 19, '朱二一', 10, '101', 2, '梧桐苑B栋', '生日聚会', '2024-10-22 18:30:00', '2024-10-22 22:00:00', '2024-10-22 22:00:00', 'LEFT', '王保安', '生日庆祝'),
('周杰', '13755443322', '350101199008088901', 23, '何二五', 11, '102', 2, '梧桐苑B栋', '学习交流', '2024-10-23 14:00:00', '2024-10-23 17:00:00', '2024-10-23 17:00:00', 'LEFT', '张保安', '课业讨论'),
('吴娟', '15644332211', '610101199009099012', 32, '魏三四', 17, '101', 3, '银杏园A栋', '探望室友', '2024-10-24 16:20:00', '2024-10-24 20:00:00', '2024-10-24 19:45:00', 'LEFT', '李保安', '室友聚餐'),
('郑涛', '18533221100', '450101199010101123', 46, '葛四八', 25, '101', 5, '桂花苑A栋', '送生活用品', '2024-10-29 10:30:00', '2024-10-29 12:00:00', NULL, 'VISITING', '王保安', '家人送物品');

SET FOREIGN_KEY_CHECKS = 1;