-- 宿舍管理系统测试数据
-- 创建时间: 2025

SET NAMES utf8mb4;
SET FOREIGN_KEY_CHECKS = 0;

-- ----------------------------
-- 用户数据
-- ----------------------------
-- 注意：密码使用明文存储
-- admin密码: 123456
-- teacher密码: 123456
INSERT INTO `sys_user` (`username`, `password`, `real_name`, `email`, `phone`, `role`, `status`) VALUES
('admin', '123456', '系统管理员', 'admin@dormitory.com', '13800138000', 'ADMIN', 1),
('teacher', '123456', '张教师', 'teacher@dormitory.com', '13800138001', 'TEACHER', 1);

-- ----------------------------
-- 宿舍楼数据
-- ----------------------------
INSERT INTO `dorm_building` (`building_code`, `building_name`, `building_type`, `floors`, `rooms_per_floor`, `manager_name`, `manager_phone`, `description`) VALUES
('A01', '梧桐苑A栋', '男生宿舍', 6, 20, '张管理', '13800001111', '男生宿舍楼，设施齐全，环境优美'),
('A02', '梧桐苑B栋', '女生宿舍', 6, 20, '李管理', '13800002222', '女生宿舍楼，安全舒适，管理严格'),
('B01', '银杏园A栋', '研究生宿舍', 8, 25, '王管理', '13800003333', '研究生宿舍楼，房间宽敞，设施先进'),
('B02', '银杏园B栋', '本科生宿舍', 8, 25, '赵管理', '13800004444', '本科生宿舍楼，交通便利，生活便民'),
('C01', '桂花苑A栋', '留学生宿舍', 5, 18, '陈管理', '13800005555', '留学生宿舍楼，国际化环境，文化交流');

-- ----------------------------
-- 宿舍房间数据
-- ----------------------------
INSERT INTO `dorm_room` (`room_number`, `building_id`, `floor`, `room_type`, `capacity`, `current_count`, `gender`, `status`, `facilities`, `rent`, `description`) VALUES
-- A01楼房间 (男生)
('101', 1, 1, 'QUAD', 4, 4, 'MALE', 'FULL', '空调,热水器,独立卫浴,书桌,衣柜', 800.00, '四人间，朝南，采光良好'),
('102', 1, 1, 'QUAD', 4, 3, 'MALE', 'AVAILABLE', '空调,热水器,独立卫浴,书桌,衣柜', 800.00, '四人间，朝南，采光良好'),
('103', 1, 1, 'QUAD', 4, 2, 'MALE', 'AVAILABLE', '空调,热水器,独立卫浴,书桌,衣柜', 800.00, '四人间，朝东，安静舒适'),
('104', 1, 1, 'QUAD', 4, 1, 'MALE', 'AVAILABLE', '空调,热水器,独立卫浴,书桌,衣柜', 800.00, '四人间，朝西，通风良好'),
('201', 1, 2, 'QUAD', 4, 2, 'MALE', 'AVAILABLE', '空调,热水器,独立卫浴,书桌,衣柜', 800.00, '四人间，朝南，视野开阔'),
('202', 1, 2, 'QUAD', 4, 0, 'MALE', 'MAINTENANCE', '空调,热水器,独立卫浴,书桌,衣柜', 800.00, '四人间，维修中'),
('203', 1, 2, 'QUAD', 4, 3, 'MALE', 'AVAILABLE', '空调,热水器,独立卫浴,书桌,衣柜', 800.00, '四人间，朝北，安静学习'),
('301', 1, 3, 'DOUBLE', 2, 2, 'MALE', 'FULL', '空调,热水器,独立卫浴,书桌,衣柜,阳台', 1200.00, '双人间，带阳台，高层视野'),
('302', 1, 3, 'DOUBLE', 2, 1, 'MALE', 'AVAILABLE', '空调,热水器,独立卫浴,书桌,衣柜,阳台', 1200.00, '双人间，带阳台，环境优雅'),
-- A02楼房间 (女生)
('101', 2, 1, 'QUAD', 4, 4, 'FEMALE', 'FULL', '空调,热水器,独立卫浴,书桌,衣柜,化妆台', 800.00, '女生四人间，设施完善'),
('102', 2, 1, 'QUAD', 4, 3, 'FEMALE', 'AVAILABLE', '空调,热水器,独立卫浴,书桌,衣柜,化妆台', 800.00, '女生四人间，环境优雅'),
('103', 2, 1, 'QUAD', 4, 2, 'FEMALE', 'AVAILABLE', '空调,热水器,独立卫浴,书桌,衣柜,化妆台', 800.00, '女生四人间，安全舒适'),
('104', 2, 1, 'QUAD', 4, 1, 'FEMALE', 'AVAILABLE', '空调,热水器,独立卫浴,书桌,衣柜,化妆台', 800.00, '女生四人间，温馨舒适'),
('201', 2, 2, 'DOUBLE', 2, 2, 'FEMALE', 'FULL', '空调,热水器,独立卫浴,书桌,衣柜,化妆台,阳台', 1200.00, '女生双人间，朝南明亮'),
('202', 2, 2, 'DOUBLE', 2, 1, 'FEMALE', 'AVAILABLE', '空调,热水器,独立卫浴,书桌,衣柜,化妆台,阳台', 1200.00, '女生双人间，带阳台'),
('203', 2, 2, 'DOUBLE', 2, 0, 'FEMALE', 'AVAILABLE', '空调,热水器,独立卫浴,书桌,衣柜,化妆台,阳台', 1200.00, '女生双人间，环境清雅'),
-- B01楼房间 (研究生)
('101', 3, 1, 'DOUBLE', 2, 2, 'MALE', 'FULL', '空调,热水器,独立卫浴,书桌,衣柜,小冰箱,微波炉', 1500.00, '研究生双人间，空间宽敞'),
('102', 3, 1, 'DOUBLE', 2, 1, 'MALE', 'AVAILABLE', '空调,热水器,独立卫浴,书桌,衣柜,小冰箱,微波炉', 1500.00, '研究生双人间，设施先进'),
('201', 3, 2, 'SINGLE', 1, 1, 'FEMALE', 'FULL', '空调,热水器,独立卫浴,书桌,衣柜,小冰箱,微波炉,沙发', 2000.00, '研究生单人间，私密性好'),
('202', 3, 2, 'SINGLE', 1, 0, 'FEMALE', 'AVAILABLE', '空调,热水器,独立卫浴,书桌,衣柜,小冰箱,微波炉,沙发', 2000.00, '研究生单人间，学习环境佳'),
-- B02楼房间 (本科生)
('101', 4, 1, 'QUAD', 4, 3, 'MALE', 'AVAILABLE', '空调,热水器,独立卫浴,书桌,衣柜', 750.00, '本科生四人间，经济实惠'),
('102', 4, 1, 'QUAD', 4, 2, 'MALE', 'AVAILABLE', '空调,热水器,独立卫浴,书桌,衣柜', 750.00, '本科生四人间，交通便利'),
('201', 4, 2, 'QUAD', 4, 4, 'FEMALE', 'FULL', '空调,热水器,独立卫浴,书桌,衣柜,化妆台', 750.00, '本科生女生四人间'),
('202', 4, 2, 'QUAD', 4, 1, 'FEMALE', 'AVAILABLE', '空调,热水器,独立卫浴,书桌,衣柜,化妆台', 750.00, '本科生女生四人间'),
-- C01楼房间 (留学生)
('101', 5, 1, 'DOUBLE', 2, 1, 'MALE', 'AVAILABLE', '空调,热水器,独立卫浴,书桌,衣柜,小冰箱', 1300.00, '留学生双人间，国际化环境'),
('102', 5, 1, 'DOUBLE', 2, 2, 'FEMALE', 'FULL', '空调,热水器,独立卫浴,书桌,衣柜,小冰箱,化妆台', 1300.00, '留学生双人间，文化交流');

-- ----------------------------
-- 住宿记录数据
-- ----------------------------
INSERT INTO `dorm_accommodation` (`student_id`, `student_name`, `student_number`, `room_id`, `room_number`, `building_id`, `building_name`, `check_in_date`, `status`, `bed_number`, `remarks`) VALUES
(1, '张三', '2021001', 1, '101', 1, '梧桐苑A栋', '2024-09-01', 'ACTIVE', 'A', '正常入住'),
(2, '李四', '2021002', 1, '101', 1, '梧桐苑A栋', '2024-09-01', 'ACTIVE', 'B', '正常入住'),
(3, '王五', '2021003', 1, '101', 1, '梧桐苑A栋', '2024-09-01', 'ACTIVE', 'C', '正常入住'),
(4, '赵六', '2021004', 1, '101', 1, '梧桐苑A栋', '2024-09-01', 'ACTIVE', 'D', '正常入住'),
(5, '陈七', '2021005', 2, '102', 1, '梧桐苑A栋', '2024-09-01', 'ACTIVE', 'A', '正常入住'),
(6, '刘八', '2021006', 2, '102', 1, '梧桐苑A栋', '2024-09-01', 'ACTIVE', 'B', '正常入住'),
(7, '孙九', '2021007', 2, '102', 1, '梧桐苑A栋', '2024-09-01', 'ACTIVE', 'C', '正常入住'),
(8, '周十', '2021008', 3, '103', 1, '梧桐苑A栋', '2024-09-01', 'ACTIVE', 'A', '正常入住'),
(9, '吴十一', '2021009', 3, '103', 1, '梧桐苑A栋', '2024-09-01', 'ACTIVE', 'B', '正常入住'),
(10, '郑十二', '2021010', 4, '104', 1, '梧桐苑A栋', '2024-09-01', 'ACTIVE', 'A', '正常入住'),
(11, '钱十三', '2021011', 5, '201', 1, '梧桐苑A栋', '2024-09-01', 'ACTIVE', 'A', '正常入住'),
(12, '冯十四', '2021012', 5, '201', 1, '梧桐苑A栋', '2024-09-01', 'ACTIVE', 'B', '正常入住'),
(13, '褚十五', '2021013', 7, '203', 1, '梧桐苑A栋', '2024-09-01', 'ACTIVE', 'A', '正常入住'),
(14, '卫十六', '2021014', 7, '203', 1, '梧桐苑A栋', '2024-09-01', 'ACTIVE', 'B', '正常入住'),
(15, '蒋十七', '2021015', 7, '203', 1, '梧桐苑A栋', '2024-09-01', 'ACTIVE', 'C', '正常入住'),
(16, '沈十八', '2021016', 8, '301', 1, '梧桐苑A栋', '2024-09-01', 'ACTIVE', 'A', '正常入住'),
(17, '韩十九', '2021017', 8, '301', 1, '梧桐苑A栋', '2024-09-01', 'ACTIVE', 'B', '正常入住'),
(18, '杨二十', '2021018', 9, '302', 1, '梧桐苑A栋', '2024-09-01', 'ACTIVE', 'A', '正常入住'),
(19, '朱二一', '2021019', 10, '101', 2, '梧桐苑B栋', '2024-09-01', 'ACTIVE', 'A', '正常入住'),
(20, '秦二二', '2021020', 10, '101', 2, '梧桐苑B栋', '2024-09-01', 'ACTIVE', 'B', '正常入住'),
(21, '尤二三', '2021021', 10, '101', 2, '梧桐苑B栋', '2024-09-01', 'ACTIVE', 'C', '正常入住'),
(22, '许二四', '2021022', 10, '101', 2, '梧桐苑B栋', '2024-09-01', 'ACTIVE', 'D', '正常入住'),
(23, '何二五', '2021023', 11, '102', 2, '梧桐苑B栋', '2024-09-01', 'ACTIVE', 'A', '正常入住'),
(24, '吕二六', '2021024', 11, '102', 2, '梧桐苑B栋', '2024-09-01', 'ACTIVE', 'B', '正常入住'),
(25, '施二七', '2021025', 11, '102', 2, '梧桐苑B栋', '2024-09-01', 'ACTIVE', 'C', '正常入住'),
(26, '张二八', '2021026', 12, '103', 2, '梧桐苑B栋', '2024-09-01', 'ACTIVE', 'A', '正常入住'),
(27, '孔二九', '2021027', 12, '103', 2, '梧桐苑B栋', '2024-09-01', 'ACTIVE', 'B', '正常入住'),
(28, '曹三十', '2021028', 13, '104', 2, '梧桐苑B栋', '2024-09-01', 'ACTIVE', 'A', '正常入住'),
(29, '严三一', '2021029', 14, '201', 2, '梧桐苑B栋', '2024-09-01', 'ACTIVE', 'A', '正常入住'),
(30, '华三二', '2021030', 14, '201', 2, '梧桐苑B栋', '2024-09-01', 'ACTIVE', 'B', '正常入住'),
(31, '金三三', '2021031', 15, '202', 2, '梧桐苑B栋', '2024-09-01', 'ACTIVE', 'A', '正常入住'),
(32, '魏三四', '2021032', 17, '101', 3, '银杏园A栋', '2024-09-01', 'ACTIVE', 'A', '正常入住'),
(33, '陶三五', '2021033', 17, '101', 3, '银杏园A栋', '2024-09-01', 'ACTIVE', 'B', '正常入住'),
(34, '姜三六', '2021034', 18, '102', 3, '银杏园A栋', '2024-09-01', 'ACTIVE', 'A', '正常入住'),
(35, '戚三七', '2021035', 19, '201', 3, '银杏园A栋', '2024-09-01', 'ACTIVE', 'A', '正常入住'),
(36, '谢三八', '2021036', 21, '101', 4, '银杏园B栋', '2024-09-01', 'ACTIVE', 'A', '正常入住'),
(37, '邹三九', '2021037', 21, '101', 4, '银杏园B栋', '2024-09-01', 'ACTIVE', 'B', '正常入住'),
(38, '喻四十', '2021038', 21, '101', 4, '银杏园B栋', '2024-09-01', 'ACTIVE', 'C', '正常入住'),
(39, '柏四一', '2021039', 22, '102', 4, '银杏园B栋', '2024-09-01', 'ACTIVE', 'A', '正常入住'),
(40, '水四二', '2021040', 22, '102', 4, '银杏园B栋', '2024-09-01', 'ACTIVE', 'B', '正常入住'),
(41, '窦四三', '2021041', 23, '201', 4, '银杏园B栋', '2024-09-01', 'ACTIVE', 'A', '正常入住'),
(42, '章四四', '2021042', 23, '201', 4, '银杏园B栋', '2024-09-01', 'ACTIVE', 'B', '正常入住'),
(43, '云四五', '2021043', 23, '201', 4, '银杏园B栋', '2024-09-01', 'ACTIVE', 'C', '正常入住'),
(44, '苏四六', '2021044', 23, '201', 4, '银杏园B栋', '2024-09-01', 'ACTIVE', 'D', '正常入住'),
(45, '潘四七', '2021045', 24, '202', 4, '银杏园B栋', '2024-09-01', 'ACTIVE', 'A', '正常入住'),
(46, '葛四八', '2021046', 25, '101', 5, '桂花苑A栋', '2024-09-01', 'ACTIVE', 'A', '正常入住'),
(47, '奚四九', '2021047', 26, '102', 5, '桂花苑A栋', '2024-09-01', 'ACTIVE', 'A', '正常入住'),
(48, '范五十', '2021048', 26, '102', 5, '桂花苑A栋', '2024-09-01', 'ACTIVE', 'B', '正常入住');

-- ----------------------------
-- 维修申请数据
-- ----------------------------
INSERT INTO `dorm_maintenance` (`request_number`, `applicant_id`, `applicant_name`, `room_id`, `room_number`, `building_id`, `building_name`, `maintenance_type`, `description`, `urgency_level`, `status`, `assigned_to`, `estimated_cost`, `actual_cost`, `scheduled_time`, `completed_time`, `feedback`, `rating`) VALUES
('MR202410001', 2, '李四', 1, '101', 1, '梧桐苑A栋', 'ELECTRICAL', '插座不通电，无法正常使用电器', 'HIGH', 'COMPLETED', '张师傅', 50.00, 45.00, '2024-10-15 09:00:00', '2024-10-15 11:30:00', '维修及时，师傅专业', 5),
('MR202410002', 3, '王五', 2, '102', 1, '梧桐苑A栋', 'PLUMBING', '马桶堵塞，影响正常使用', 'HIGH', 'COMPLETED', '李师傅', 80.00, 80.00, '2024-10-18 16:00:00', '2024-10-18 17:00:00', '问题解决彻底', 5),
('MR202410003', 7, '孙九', 2, '102', 1, '梧桐苑A栋', 'ELECTRICAL', '灯管闪烁，影响学习', 'NORMAL', 'COMPLETED', '王师傅', 25.00, 25.00, '2024-10-20 09:00:00', '2024-10-20 10:30:00', '服务态度好', 4),
('MR202410004', 9, '吴十一', 3, '103', 1, '梧桐苑A栋', 'APPLIANCE', '热水器不工作，无法洗澡', 'HIGH', 'IN_PROGRESS', '赵师傅', 200.00, NULL, '2024-10-25 14:00:00', NULL, NULL, NULL),
('MR202410005', 4, '赵六', 1, '101', 1, '梧桐苑A栋', 'FURNITURE', '衣柜门脱落，无法正常使用', 'NORMAL', 'PENDING', NULL, 60.00, NULL, NULL, NULL, NULL, NULL),
('MR202410006', 5, '陈七', 2, '102', 1, '梧桐苑A栋', 'OTHER', '窗户关不严，影响保温', 'LOW', 'PENDING', NULL, 40.00, NULL, NULL, NULL, NULL, NULL),
('MR202410007', 19, '朱二一', 10, '101', 2, '梧桐苑B栋', 'PLUMBING', '水龙头漏水', 'NORMAL', 'COMPLETED', '李师傅', 30.00, 30.00, '2024-10-22 10:00:00', '2024-10-22 11:00:00', '维修快速', 4),
('MR202410008', 32, '魏三四', 17, '101', 3, '银杏园A栋', 'ELECTRICAL', '空调不制冷', 'HIGH', 'IN_PROGRESS', '张师傅', 150.00, NULL, '2024-10-26 14:00:00', NULL, NULL, NULL),
('MR202410009', 36, '谢三八', 21, '101', 4, '银杏园B栋', 'FURNITURE', '书桌抽屉损坏', 'LOW', 'PENDING', NULL, 35.00, NULL, NULL, NULL, NULL, NULL),
('MR202410010', 46, '葛四八', 25, '101', 5, '桂花苑A栋', 'OTHER', '门锁故障', 'NORMAL', 'PENDING', NULL, 80.00, NULL, NULL, NULL, NULL, NULL);

-- ----------------------------
-- 访客记录数据
-- ----------------------------
INSERT INTO `dorm_visitor` (`visitor_name`, `phone`, `id_card`, `visited_student_id`, `visited_student_name`, `room_id`, `room_number`, `building_id`, `building_name`, `visit_purpose`, `visit_time`, `expected_leave_time`, `actual_leave_time`, `status`, `guard_name`, `remarks`) VALUES
('张明', '13812345678', '320101199001011234', 2, '李四', 1, '101', 1, '梧桐苑A栋', '探望朋友', '2024-10-25 14:30:00', '2024-10-25 18:00:00', '2024-10-25 18:00:00', 'LEFT', '王保安', '正常访问'),
('李华', '13987654321', '110101199002022345', 4, '赵六', 1, '101', 1, '梧桐苑A栋', '学习讨论', '2024-10-26 09:00:00', '2024-10-26 17:00:00', NULL, 'VISITING', '张保安', '正在访问中'),
('王芳', '15612345678', '330101199003033456', 8, '周十', 3, '103', 1, '梧桐苑A栋', '家长探望', '2024-10-27 10:00:00', '2024-10-27 16:00:00', '2024-10-27 16:30:00', 'LEFT', '李保安', '家长来访'),
('赵强', '18712345678', '440101199004044567', 11, '钱十三', 5, '201', 1, '梧桐苑A栋', '同学聚会', '2024-10-28 19:00:00', '2024-10-28 22:00:00', NULL, 'VISITING', '王保安', '聚会活动'),
('陈丽', '13611223344', '510101199005055678', 6, '刘八', 2, '102', 1, '梧桐苑A栋', '项目合作', '2024-10-20 13:15:00', '2024-10-20 17:00:00', '2024-10-20 17:45:00', 'LEFT', '张保安', '学术交流'),
('刘军', '15988776655', '370101199006066789', 9, '吴十一', 3, '103', 1, '梧桐苑A栋', '家长探望', '2024-10-21 11:00:00', '2024-10-21 15:00:00', '2024-10-21 15:30:00', 'LEFT', '李保安', '父母来访'),
('孙梅', '18866554433', '420101199007077890', 19, '朱二一', 10, '101', 2, '梧桐苑B栋', '生日聚会', '2024-10-22 18:30:00', '2024-10-22 22:00:00', '2024-10-22 22:00:00', 'LEFT', '王保安', '生日庆祝'),
('周杰', '13755443322', '350101199008088901', 23, '何二五', 11, '102', 2, '梧桐苑B栋', '学习交流', '2024-10-23 14:00:00', '2024-10-23 17:00:00', '2024-10-23 17:00:00', 'LEFT', '张保安', '课业讨论'),
('吴娟', '15644332211', '610101199009099012', 32, '魏三四', 17, '101', 3, '银杏园A栋', '探望室友', '2024-10-24 16:20:00', '2024-10-24 20:00:00', '2024-10-24 19:45:00', 'LEFT', '李保安', '室友聚餐'),
('郑涛', '18533221100', '450101199010101123', 46, '葛四八', 25, '101', 5, '桂花苑A栋', '送生活用品', '2024-10-29 10:30:00', '2024-10-29 12:00:00', NULL, 'VISITING', '王保安', '家人送物品');

SET FOREIGN_KEY_CHECKS = 1;